﻿<?xml version="1.0" encoding="utf-8"?>
<Symbolconfiguration xmlns="http://www.3s-software.com/schemas/Symbolconfiguration.xsd">
  <Header>
    <Version>3.5.11.0</Version>
    <SymbolConfigObject version="3.5.13.0" runtimeid="3.5.13.0" libversion="3.5.13.0" compiler="3.5.13.0" lmm="3.5.13.0" profile="CODESYS V3.5 SP13+" settings="SupportOPCUA, LayoutCalculator=OptimizedClientSideLayoutCalculator" />
    <ProjectInfo name="ConveyorsAndPneumatics" devicename="Device" appname="Application" />
  </Header>
  <TypeList>
    <TypeSimple name="T_BOOL" size="1" swapsize="0" typeclass="Bool" iecname="BOOL" />
  </TypeList>
  <NodeList>
    <Node name="Application">
      <Node name="GVL">
        <Node name="MotorControl1" type="T_BOOL" access="ReadWrite" />
        <Node name="MotorControl2" type="T_BOOL" access="ReadWrite" />
        <Node name="MotorControl3" type="T_BOOL" access="ReadWrite" />
        <Node name="MotorControl4" type="T_BOOL" access="ReadWrite" />
        <Node name="OpenValve1" type="T_BOOL" access="ReadWrite" />
        <Node name="OpenValve2" type="T_BOOL" access="ReadWrite" />
        <Node name="Sensor1" type="T_BOOL" access="ReadWrite" />
        <Node name="Sensor2" type="T_BOOL" access="ReadWrite" />
        <Node name="Sensor3" type="T_BOOL" access="ReadWrite" />
        <Node name="Sensor4" type="T_BOOL" access="ReadWrite" />
        <Node name="Sensor5" type="T_BOOL" access="ReadWrite" />
        <Node name="Sensor6" type="T_BOOL" access="ReadWrite" />
        <Node name="Sensor7" type="T_BOOL" access="ReadWrite" />
      </Node>
    </Node>
  </NodeList>
</Symbolconfiguration>