﻿<?xml version="1.0" encoding="utf-8"?>
<Symbolconfiguration xmlns="http://www.3s-software.com/schemas/Symbolconfiguration.xsd">
  <Header>
    <Version>3.5.11.0</Version>
    <SymbolConfigObject version="3.5.13.0" runtimeid="3.5.13.0" libversion="3.5.13.0" compiler="3.5.13.0" lmm="3.5.13.0" profile="CODESYS V3.5 SP13+" settings="SupportOPCUA, LayoutCalculator=OptimizedClientSideLayoutCalculator" />
    <ProjectInfo name="ScaraRobot" devicename="Device" appname="Application" />
  </Header>
  <TypeList>
    <TypeSimple name="T_BOOL" size="1" swapsize="0" typeclass="Bool" iecname="BOOL" />
    <TypeSimple name="T_INT" size="2" swapsize="2" typeclass="Int" iecname="INT" />
    <TypeSimple name="T_REAL" size="4" swapsize="4" typeclass="Real" iecname="REAL" />
  </TypeList>
  <NodeList>
    <Node name="Application">
      <Node name="GVL">
        <Node name="iSUB01_B1" type="T_BOOL" access="ReadWrite" />
        <Node name="iSUB01_B2" type="T_BOOL" access="ReadWrite" />
        <Node name="iSUB02_B1" type="T_INT" access="ReadWrite" />
        <Node name="iSUB03_B1" type="T_BOOL" access="ReadWrite" />
        <Node name="iSUB03_B2" type="T_BOOL" access="ReadWrite" />
        <Node name="iSUB04_B1" type="T_BOOL" access="ReadWrite" />
        <Node name="iSUB04_B2" type="T_BOOL" access="ReadWrite" />
        <Node name="iSUB05_B1" type="T_BOOL" access="ReadWrite" />
        <Node name="iSUB05_B2" type="T_BOOL" access="ReadWrite" />
        <Node name="oSUB01_K1" type="T_BOOL" access="ReadWrite" />
        <Node name="oSUB02_Joint1Pos" type="T_REAL" access="ReadWrite" />
        <Node name="oSUB02_Joint2Pos" type="T_REAL" access="ReadWrite" />
        <Node name="oSUB02_Joint3Pos" type="T_REAL" access="ReadWrite" />
        <Node name="oSUB02_Joint4Pos" type="T_REAL" access="ReadWrite" />
        <Node name="oSUB02_Pick" type="T_BOOL" access="ReadWrite" />
        <Node name="oSUB03_K1" type="T_BOOL" access="ReadWrite" />
        <Node name="oSUB04_K1" type="T_BOOL" access="ReadWrite" />
        <Node name="oSUB05_K1" type="T_BOOL" access="ReadWrite" />
      </Node>
    </Node>
  </NodeList>
</Symbolconfiguration>