﻿<?xml version="1.0" encoding="utf-8"?>
<Symbolconfiguration xmlns="http://www.3s-software.com/schemas/Symbolconfiguration.xsd">
  <Header>
    <Version>3.5.11.0</Version>
    <SymbolConfigObject version="3.5.13.0" runtimeid="3.5.13.0" libversion="3.5.13.0" compiler="3.5.13.0" lmm="3.5.13.0" profile="CODESYS V3.5 SP13+" settings="SupportOPCUA, LayoutCalculator=OptimizedClientSideLayoutCalculator" />
    <ProjectInfo name="TransferConveyorandStopper" devicename="Device" appname="Application" />
  </Header>
  <TypeList>
    <TypeSimple name="T_BOOL" size="1" swapsize="0" typeclass="Bool" iecname="BOOL" />
  </TypeList>
  <NodeList>
    <Node name="Application">
      <Node name="GVL">
        <Node name="Conv1Fwd" type="T_BOOL" access="ReadWrite" />
        <Node name="Conv1Pos" type="T_BOOL" access="ReadWrite" />
        <Node name="Conv2Fwd" type="T_BOOL" access="ReadWrite" />
        <Node name="Conv2Pos1" type="T_BOOL" access="ReadWrite" />
        <Node name="Conv2Pos2" type="T_BOOL" access="ReadWrite" />
        <Node name="Conv2Size" type="T_BOOL" access="ReadWrite" />
        <Node name="Conv3Fwd" type="T_BOOL" access="ReadWrite" />
        <Node name="Conv3Pos" type="T_BOOL" access="ReadWrite" />
        <Node name="StopUp" type="T_BOOL" access="ReadWrite" />
        <Node name="StopUpPos" type="T_BOOL" access="ReadWrite" />
        <Node name="TransFwd" type="T_BOOL" access="ReadWrite" />
        <Node name="TransUp" type="T_BOOL" access="ReadWrite" />
        <Node name="TransUpPos" type="T_BOOL" access="ReadWrite" />
      </Node>
    </Node>
  </NodeList>
</Symbolconfiguration>