﻿<?xml version="1.0" encoding="utf-8"?>
<Symbolconfiguration xmlns="http://www.3s-software.com/schemas/Symbolconfiguration.xsd">
  <Header>
    <Version>3.5.11.0</Version>
    <SymbolConfigObject version="3.5.13.0" runtimeid="3.5.13.0" libversion="3.5.13.0" compiler="3.5.13.0" lmm="3.5.13.0" profile="CODESYS V3.5 SP13+" settings="SupportOPCUA, LayoutCalculator=OptimizedClientSideLayoutCalculator" />
    <ProjectInfo name="BoxesInOrder" devicename="Device" appname="Application" />
  </Header>
  <TypeList>
    <TypeSimple name="T_BOOL" size="1" swapsize="0" typeclass="Bool" iecname="BOOL" />
    <TypeSimple name="T_INT" size="2" swapsize="2" typeclass="Int" iecname="INT" />
    <TypeArray name="T_ARRAY__0__2__OF_INT" size="6" nativesize="6" typeclass="Array" iecname="ARRAY [0..2] OF INT" basetype="T_INT">
      <ArrayDim minrange="0" maxrange="2" />
    </TypeArray>
  </TypeList>
  <NodeList>
    <Node name="Application">
      <Node name="GVL">
        <Node name="DropBlue" type="T_BOOL" access="ReadWrite" />
        <Node name="DropGreen" type="T_BOOL" access="ReadWrite" />
        <Node name="DropRed" type="T_BOOL" access="ReadWrite" />
        <Node name="MotorControl1" type="T_BOOL" access="ReadWrite" />
        <Node name="MotorControl2" type="T_BOOL" access="ReadWrite" />
        <Node name="MotorControl3" type="T_BOOL" access="ReadWrite" />
        <Node name="MotorControl4" type="T_BOOL" access="ReadWrite" />
        <Node name="Sensor1" type="T_BOOL" access="ReadWrite" />
        <Node name="Sensor2" type="T_BOOL" access="ReadWrite" />
        <Node name="Sensor3" type="T_BOOL" access="ReadWrite" />
        <Node name="Sensor4" type="T_BOOL" access="ReadWrite" />
        <Node name="Sensor5" type="T_BOOL" access="ReadWrite" />
        <Node name="Sorting" type="T_BOOL" access="ReadWrite" />
        <Node name="SortingArray" type="T_ARRAY__0__2__OF_INT" access="ReadWrite" />
        <Node name="Start" type="T_BOOL" access="ReadWrite" />
        <Node name="ValveControl" type="T_BOOL" access="ReadWrite" />
      </Node>
    </Node>
  </NodeList>
</Symbolconfiguration>